zincid,SMILES,RF_Morgan,RF_MACCS,XGB_Morgan,XGB_MACCS,DNN_Morgan,DNN_MACCS,Consensus_Avg,Consensus_Weighted,Consensus_Votes,Consensus_Geometric,RF_Morgan_Binary,XGB_Morgan_Binary,DNN_Morgan_Binary,RF_MACCS_Binary,XGB_MACCS_Binary,DNN_MACCS_Binary,Models_Active_Count,Consensus_Active,Consensus_Weighted_Active,Vote_Active,Hit_Level
ZINCrq00000Rxl2R,CO[C@@H](CN(Cc1cc2n(n1)CCCC2)C(=O)[C@H]1C[C@@H]1[N+](=O)[O-])C1(C)CC1,0.325,0.5,0.9307645,0.87539333,0.91380894,0.99961144,0.7574297010898591,0.7521909344280865,4.0,0.7032296465771255,0,1,1,0,1,1,4,1,1,1,Level_2_Medium_Confidence
ZINCsu00000yIsfu,C=CCCn1nnnc1[C@H](NCc1cc([N+](=O)[O-])ccc1Cl)C1=NO[C@H]2C[C@@H]12,0.315,0.485,0.8949126,0.7952624,0.9618951,0.9997558,0.7419709841410319,0.7369838583046663,4.0,0.6863740177572787,0,1,1,0,1,1,4,1,1,1,Level_2_Medium_Confidence
ZINCtQ000003qzzg,CCCCC[C@H](CC)C(=O)N1C[C@H]2[C@H](CN=c3[nH]c(C)c([N+](=O)[O-])cc3Cl)[C@H]2C1,0.3,0.5,0.83343416,0.8754767,0.8716341,0.9993328,0.7299796322981517,0.7242292394029333,4.0,0.6758888054315776,0,1,1,0,1,1,4,1,1,1,Level_2_Medium_Confidence
ZINCtK00000tIzko,O=[N+]([O-])c1cc(Cl)c(Br)cc1CN[C@@H]1CC[C@H](NS(=O)(=O)c2ccc(Cl)nc2)C1,0.365,0.6254166666666667,0.49385667,0.9364601,0.95182914,0.9999936,0.7287593617704179,0.7225748950087995,4.0,0.6818436311488033,0,0,1,1,1,1,4,1,1,1,Level_2_Medium_Confidence
ZINCtC00000uKopC,CCCn1nnnc1[C@@](C)(C[C@H]1CCOC1)NCc1cc(F)c(Cl)c([N+](=O)[O-])c1,0.455,0.455,0.7960365,0.6476333,0.9918561,0.99936956,0.7241492426395416,0.7211619118595799,4.0,0.6877173091038558,0,1,1,0,1,1,4,1,1,1,Level_2_Medium_Confidence
ZINCtu00000Eg0E7,Cc1cc(N2CC(N3CCN(C(=O)[C@@H]4[C@H]5CCC[C@H]54)CC3)C2)c(F)cc1[N+](=O)[O-],0.335,0.48,0.75339305,0.87561226,0.8969625,0.9999957,0.7234939241409301,0.718084600648136,4.0,0.6756658783449159,0,1,1,0,1,1,4,1,1,1,Level_2_Medium_Confidence
ZINCtC00000uKopz,C=CCn1nnnc1[C@](C)(C[C@H]1CCCOC1)NCc1cc([N+](=O)[O-])ccc1Cl,0.39,0.5,0.7516895,0.678353,0.9731865,0.99997073,0.71553328871727,0.7114699609736177,4.0,0.6775666710088071,0,1,1,0,1,1,4,1,1,1,Level_2_Medium_Confidence
ZINCtK00000tIzkt,O=[N+]([O-])c1cc(CN2C[C@H]3CC[C@H]2CN(c2ncc(C4CC4)cn2)C3)ccc1Cl,0.345,0.405,0.749214,0.8048029,0.9692932,0.99994314,0.7122088670730591,0.7075441982898306,4.0,0.6586681517117242,0,1,1,0,1,1,4,1,1,1,Level_2_Medium_Confidence
ZINCsC000004NuRU,C[C@H](N=c1cc[nH]cc1[N+](=O)[O-])[C@H]1CCCN(C(=O)c2cc(C(F)F)on2)C1,0.3183333333333333,0.49,0.96183133,0.5256624,0.9599871,0.9999435,0.7092929475837284,0.7053935048653442,4.0,0.6504104112971548,0,1,1,0,1,1,4,1,1,1,Level_2_Medium_Confidence
ZINCrd00000mOn0H,Cc1ccc([N+](=O)[O-])c(C(=O)N2CCN(C(=O)c3cc(=O)n(C)o3)CC2)c1,0.335,0.495,0.93533593,0.8171317,0.6549315,0.9999772,0.7062293815612793,0.7008678474155723,4.0,0.6604641865249504,0,1,1,0,1,1,4,1,1,1,Level_2_Medium_Confidence
ZINCtc00000o6LHr,NS(=O)(=O)c1cc(C(=O)NC2CC3(C2)C[C@@H]3N=c2ccc([N+](=O)[O-])c(O)[nH]2)co1,0.27,0.565,0.5152302,0.9670861,0.9233856,0.9999999,0.7067836260795594,0.6996815688305712,5.0,0.6422591228912601,0,1,1,1,1,1,5,1,1,1,Level_2_Medium_Confidence
ZINCs5000003VFxz,COc1n[nH]c(C(=O)N2CCN(C(=O)[C@H]3CCCS(=O)(=O)C3)C[C@@H](O)C2)c1Cl,0.33,0.695,0.41190436,0.90607625,0.91126376,0.9818838,0.7060213675101599,0.6992367479648995,4.0,0.6516694303290391,0,0,1,1,1,1,4,1,1,1,Level_2_Medium_Confidence
ZINCtA00000m8rRu,O=C([C@H]1CCCS1)N1CC=C[C@@H](NC(=O)C2(c3ccc(Cl)c([N+](=O)[O-])c3)CC2)C1,0.325,0.645,0.48748177,0.79661596,0.9748309,0.999995,0.7048206082979838,0.698666514175158,4.0,0.6555355730418645,0,0,1,1,1,1,4,1,1,1,Level_2_Medium_Confidence
ZINCsq000009zhv5,CC[C@@H]1OCC[C@H]1C(=O)N1C[C@@H]2CCN(C(=O)c3cc(Cl)c([N+](=O)[O-])[nH]3)[C@@H]2C1,0.25,0.63,0.6979143,0.8469486,0.80654776,0.99994355,0.7052257068951925,0.6982235662649708,5.0,0.6495175392721813,0,1,1,1,1,1,5,1,1,1,Level_2_Medium_Confidence
ZINCtK00000tIzkB,O=[N+]([O-])c1ccc(S(=O)(=O)N2CCC[C@H]2CNCc2cccc(F)c2Br)c(Cl)c1,0.31,0.6404166666666665,0.82434434,0.928463,0.5031941,0.99993736,0.7010592391755845,0.6940557390972795,5.0,0.651479843287818,0,1,1,1,1,1,5,1,1,1,Level_2_Medium_Confidence
ZINCtK00000tIzkg,O=[N+]([O-])c1ccc(CN2C[C@H]3CCN(S(=O)(=O)c4cccc(Br)c4)[C@H]3C2)c(Br)c1,0.305,0.6516666666666667,0.6057773,0.8742917,0.7669966,0.99998385,0.7006193628576067,0.693794747960201,5.0,0.6574259760140663,0,1,1,1,1,1,5,1,1,1,Level_2_Medium_Confidence
ZINCoy00000J06YQ,Cn1nnnc1[C@H](c1ccc(Cl)cc1[N+](=O)[O-])N1CC=C(Br)CC1,0.265,0.42,0.8613902,0.6575081,0.98124164,0.9999176,0.6975095864137014,0.6926832417055224,4.0,0.6288630252615675,0,1,1,0,1,1,4,1,1,1,Level_2_Medium_Confidence
ZINCtA00000m8rRx,O=C([C@H]1CCCS1)N1CC=C[C@H]1CNC(=O)C1(c2ccc(Cl)c([N+](=O)[O-])c2)CC1,0.315,0.58,0.54552835,0.780528,0.96700245,0.99998575,0.6980074278513589,0.6921236132222709,5.0,0.6497220796590608,0,1,1,1,1,1,5,1,1,1,Level_2_Medium_Confidence
ZINCsk00000upjv4,CC[C@H]1CN(C(=O)[C@@H]2CCN2CC)CCN1C(=O)c1cc([N+](=O)[O-])ccc1O,0.305,0.465,0.63340604,0.82879907,0.9268937,0.99999434,0.693182193438212,0.6875132614500978,4.0,0.6404500849507877,0,1,1,0,1,1,4,1,1,1,Level_2_Medium_Confidence
ZINCsH00000hBLc4,CC(C)Oc1ccnc(N2CCN(C(=O)c3cncc(Cl)c3Cl)CC[C@H]2C)n1,0.44,0.6,0.8018225,0.7522467,0.6273228,0.9255444,0.6911560559272766,0.6870114980014502,5.0,0.6724424552658107,0,1,1,1,1,1,5,1,1,1,Level_2_Medium_Confidence
ZINCtb00001yFrkk,C[C@@H]1C[C@@H](NC(=O)c2cc(S(N)(=O)=O)c(Cl)o2)CN(C(=O)C[C@H]2CCOC2=O)C1,0.37,0.7370238095238095,0.972009,0.9807607,0.10604695,0.9975096,0.6938916762125871,0.6865733265619107,4.0,0.5493999844871991,0,1,0,1,1,1,4,1,1,1,Level_2_Medium_Confidence
ZINCtK00000tIzkC,O=[N+]([O-])c1ccc(S(=O)(=O)N2C[C@H]3CN(Cc4ccc(Cl)c(I)c4)[C@H]3C2)cc1Cl,0.29,0.5816666666666667,0.60285723,0.8777903,0.7772449,0.99999994,0.6882598394817775,0.6815243608788113,5.0,0.6410214277210152,0,1,1,1,1,1,5,1,1,1,Level_2_Medium_Confidence
ZINCqk00001RWyR0,COc1ncc(S(=O)(=O)N2CC[C@@H](N(C)Cc3noc(C)n3)C2)cc1Br,0.3,0.6941666666666667,0.71229905,0.91292584,0.5593868,0.9492849,0.6880105426576403,0.6810253623754984,5.0,0.6448597585498419,0,1,1,1,1,1,5,1,1,1,Level_2_Medium_Confidence
ZINCs400002OXiyJ,N[C@H]1C[C@@H]1CNC(=O)C(=O)N1CCN(S(=O)(=O)c2ccccc2[N+](=O)[O-])CC1,0.325,0.635,0.36392915,0.84708446,0.9516091,0.9999666,0.6870982185999552,0.6805405949362626,4.0,0.626624620337504,0,0,1,1,1,1,4,1,1,1,Level_2_Medium_Confidence
ZINCqo00001RXx7d,O=C(NC1CC1)[C@H](c1ccc([N+](=O)[O-])c(O)c1)N1CCOCC12CCC2,0.285,0.49,0.78048456,0.7589767,0.77898705,0.99999905,0.6822412252426148,0.6765169722475903,4.0,0.6331800946563295,0,1,1,0,1,1,4,1,1,1,Level_2_Medium_Confidence
ZINCnu00000NvN6y,C[C@@H](NC(=O)C[C@H]1CCN(C2COC2)C1)c1cc(O)ccc1Br,0.3366666666666667,0.535,0.654643,0.8846835,0.69018304,0.98831916,0.6815825596120623,0.6755048618023559,5.0,0.6437263822735865,0,1,1,1,1,1,5,1,1,1,Level_2_Medium_Confidence
ZINCtJ000006Y0W8,Cc1ccc(C(=O)N2CC[C@H]([C@H](C)NC(=O)c3c(Cl)nsc3Cl)C2)c([N+](=O)[O-])c1,0.3116666666666667,0.6229166666666667,0.72798663,0.7555683,0.66539085,0.9999827,0.6805853093994988,0.6743911189390412,5.0,0.6435729699939344,0,1,1,1,1,1,5,1,1,1,Level_2_Medium_Confidence
ZINCtz00000neuVI,Nc1cc([N+](=O)[O-])ccc1C(=O)N1CCN(C(=O)CCc2cc(Cl)cs2)[C@@H]2C[C@H]21,0.225,0.52,0.76770526,0.9374432,0.6361885,0.9999992,0.6810560317834219,0.6736783771481074,5.0,0.6139765778604735,0,1,1,1,1,1,5,1,1,1,Level_2_Medium_Confidence
ZINCth00001rXSGu,C[C@@H]1[C@@H](O)CCCN1C(=O)[C@@H]1[C@H](O)CCN1C(=O)Cc1ccc(Cl)cc1[N+](=O)[O-],0.28,0.56,0.51253855,0.8482625,0.87599564,0.99997646,0.6794621888796488,0.672816983596653,5.0,0.6251953837938768,0,1,1,1,1,1,5,1,1,1,Level_2_Medium_Confidence
ZINCtJ00000xQw9W,CN([C@H]1CCN(C(=O)c2c(F)ccnc2Cl)C1)S(=O)(=O)c1cc(Cl)c(Br)cc1F,0.295,0.6941666666666666,0.5359631,0.8631658,0.7030055,0.9875974,0.6798164131906298,0.6726247632137144,5.0,0.6353439902559902,0,1,1,1,1,1,5,1,1,1,Level_2_Medium_Confidence
ZINCrB000001fcYs,Cc1nc(N2CC[C@@H]3CCN(C(=O)[C@@H]4CC4(Cl)Cl)C[C@@H]3C2)ccc1[N+](=O)[O-],0.3,0.505,0.45143798,0.82588905,0.98482543,0.9999512,0.6778506078322728,0.6717773442741827,4.0,0.6178434045029347,0,0,1,1,1,1,4,1,1,1,Level_2_Medium_Confidence
ZINCtM00000w5RoM,CN(C(=O)c1ccc(Cl)c([N+](=O)[O-])c1)[C@@H]1CCN(C(=O)C2(C)CCCCCC2)C1,0.345,0.49,0.68288004,0.60914946,0.93037677,0.99988884,0.6762158509095509,0.6717573507119576,4.0,0.6347689463800864,0,1,1,0,1,1,4,1,1,1,Level_2_Medium_Confidence
ZINCqu000004B4Zx,N#Cc1c([N+](=O)[O-])cccc1S(=O)(=O)N1CCC[C@@H]([C@H]2CCCCO2)C1,0.27,0.515,0.8198304,0.4631395,0.98710406,0.99996835,0.6758403883377712,0.671355952193551,4.0,0.6111662166952226,0,1,1,1,0,1,4,1,1,1,Level_2_Medium_Confidence
ZINCtt00000tnuAv,Cc1c([N+](=O)[O-])ccc(Br)c1C(=O)N1C[C@H]2[C@@H](C1)[C@@H]2C(=O)N1CCC[C@](C)(O)C1,0.325,0.575,0.4101926,0.8470517,0.90352476,0.99996424,0.6767888804276785,0.6704409279299121,4.0,0.6233456190549463,0,0,1,1,1,1,4,1,1,1,Level_2_Medium_Confidence
ZINCtt00000tnuAu,Cc1c([N+](=O)[O-])ccc(Br)c1C(=O)N1C[C@@H]2C[C@H]1CN2C(=O)c1ccc(=O)oc1,0.255,0.495,0.50883514,0.9188757,0.880631,0.99999714,0.6763898332913717,0.6694602654166255,4.0,0.61088856574908,0,1,1,0,1,1,4,1,1,1,Level_2_Medium_Confidence
ZINCtM0000163KJ7,CC(C)CC[C@H]1CCCN(S(=O)(=O)c2ccc(N(C)CC3CN(C)C3)c(Br)c2)C1,0.305,0.5566666666666666,0.8271902,0.6318449,0.9735888,0.7374231,0.6719522852367824,0.668945289610689,5.0,0.6319759351478076,0,1,1,1,1,1,5,1,1,1,Level_2_Medium_Confidence
ZINCsj00000oQT5i,C[C@@H]1C[C@@H]1C(=O)N1CCN(C(=O)c2ccc(S(C)(=O)=O)cc2[N+](=O)[O-])C[C@H]1C,0.28,0.62,0.36382926,0.81398356,0.97629315,0.9999838,0.675681624809901,0.6688593178607047,4.0,0.6073504559301788,0,0,1,1,1,1,4,1,1,1,Level_2_Medium_Confidence
ZINCtt00000tnuAw,Cc1c([N+](=O)[O-])ccc(Br)c1C(=O)N1C[C@H](F)C[C@H]1C(=O)N1CCN(C)[C@H](C)C1,0.355,0.435,0.7644882,0.5187564,0.95658606,0.9997914,0.6716036760807037,0.6679589816357226,4.0,0.6231810198496832,0,1,1,0,1,1,4,1,1,1,Level_2_Medium_Confidence
ZINCtx00000ghKvT,COc1nscc1C(=O)N(C)C[C@H]1CCN(C(=O)c2ccc3c(c2)CCCO3)C1,0.41,0.615,0.82014894,0.88190144,0.36790448,0.94574416,0.6734498381614685,0.6679024454634239,4.0,0.6315582568524158,0,1,0,1,1,1,4,1,1,1,Level_2_Medium_Confidence
ZINCqg00001AUBsj,CN(C)[C@H](CO)C(=O)NCC1(F)CCN(c2nc(Cl)c([N+](=O)[O-])s2)CC1,0.295,0.5075,0.7791702,0.80597377,0.65501654,0.9999907,0.6737752044200898,0.6677065427252585,5.0,0.6284102453171613,0,1,1,1,1,1,5,1,1,1,Level_2_Medium_Confidence
ZINCqv00000O5iL3,C[C@H](NS(=O)(=O)c1cccc([N+](=O)[O-])c1Cl)c1cccc2c1CNC2=O,0.275,0.5516666666666666,0.38307253,0.8447482,0.9918352,0.99999416,0.6743861211008495,0.6677054424714253,4.0,0.6042858818394248,0,0,1,1,1,1,4,1,1,1,Level_2_Medium_Confidence
ZINCrC00000bDt8V,O=C(c1cc(O)ccc1Cl)N1CCN(C(=O)c2ccnc3ccsc23)CC1,0.345,0.705,0.66399664,0.9560737,0.3807104,0.9998539,0.6751057734092076,0.6676468054199894,4.0,0.6235425925065227,0,1,0,1,1,1,4,1,1,1,Level_2_Medium_Confidence
ZINCtK00000tIzjT,O=[N+]([O-])c1cccc(Br)c1CN1CCC(NS(=O)(=O)c2ccc(F)cc2Cl)CC1,0.37,0.5866666666666667,0.5649281,0.5401961,0.968578,0.9999537,0.6717204283343422,0.6672877436383114,5.0,0.6327158453456969,0,1,1,1,1,1,5,1,1,1,Level_2_Medium_Confidence
ZINCrp00000HmuSN,CCCCS(=O)(=O)NCC1(C)CN(S(=O)(=O)c2ccc(Cl)c([N+](=O)[O-])c2)C1,0.305,0.5816666666666667,0.26644146,0.93546194,0.95598155,0.9999772,0.6740881322489845,0.6670282971577158,4.0,0.5902104905942903,0,0,1,1,1,1,4,1,1,1,Level_2_Medium_Confidence
ZINCty000000THig,CC1=CC[C@H](C(=O)N[C@@]23CCCN(c4nc(=N)[nH]c(Cl)c4[N+](=O)[O-])C[C@@H]2C3)CC1,0.305,0.525,0.8198209,0.8474628,0.54168224,0.99605465,0.6725034244855245,0.6662310037207095,5.0,0.6257311168531873,0,1,1,1,1,1,5,1,1,1,Level_2_Medium_Confidence
ZINCro00000kFaqD,CC(F)(F)C(=O)N1CC[C@H]2CN(C(=O)c3cc([N+](=O)[O-])ccc3O)C[C@H]2C1,0.24,0.52,0.47760692,0.92488724,0.8768299,0.999963,0.6732145116726557,0.6659535384600889,4.0,0.6035485516272878,0,0,1,1,1,1,4,1,1,1,Level_2_Medium_Confidence
ZINCtK00000tIzjI,O=[N+]([O-])c1ccc(Br)c(CN2CCC(NS(=O)(=O)c3ccc(F)cc3Cl)CC2)c1,0.315,0.5866666666666667,0.66296744,0.5401961,0.913685,0.9999537,0.6697448236412472,0.6648035205396917,5.0,0.6264989350225755,0,1,1,1,1,1,5,1,1,1,Level_2_Medium_Confidence
ZINCqp00001RXx7u,O=C(NC1CC1)[C@H](c1ccsc1Cl)N1CCN(C(=O)[C@H]2CCOC2)CC1,0.34,0.66,0.5562888,0.9596127,0.6854695,0.8137479,0.6691864828268687,0.663490625087251,5.0,0.6370148069645013,0,1,1,1,1,1,5,1,1,1,Level_2_Medium_Confidence
ZINCtK00000tIzjO,O=[N+]([O-])c1ccc(-c2ccc(NS(=O)(=O)c3ccc4c(c3)OCCO4)s2)cc1F,0.28,0.5233333333333333,0.53468984,0.70183176,0.9733104,0.99997973,0.6688575134012433,0.6630733899134552,5.0,0.6138830722535961,0,1,1,1,1,1,5,1,1,1,Level_2_Medium_Confidence
ZINCtG00000QWyxY,Cc1cc([N+](=O)[O-])ccc1[C@@H](c1nnnn1CCC1CC1)N1[C@@H]2CC[C@@H](C2)[C@H]1C,0.24,0.31,0.81997865,0.6415771,0.98870194,0.999725,0.666663783788681,0.6619592174063337,4.0,0.5815606958693068,0,1,1,0,1,1,4,1,1,1,Level_2_Medium_Confidence
ZINCsM000006CdMj,CC(C)(C)c1ncsc1C(=O)N1C[C@H]2C[C@H](Nc3cc(Cl)ncn3)CC[C@H]2C1,0.35,0.6,0.520892,0.78406125,0.8051904,0.9438549,0.6673330982526143,0.6618056824866762,5.0,0.6343858250117572,0,1,1,1,1,1,5,1,1,1,Level_2_Medium_Confidence
ZINCtl00000L81Po,CO[C@H](C(=O)N1C[C@H]2CC[C@H]1CN2C(=O)c1cc(F)cc([N+](=O)[O-])c1N)C1CC1,0.205,0.505,0.54678035,0.85906446,0.89753824,0.9998092,0.6688653763135274,0.6616791071790329,5.0,0.5933473364150805,0,1,1,1,1,1,5,1,1,1,Level_2_Medium_Confidence
ZINCsH00000hBLc3,CC(C)Oc1ccnc(N2CCN(C(=O)c3cc(F)ccc3Cl)CC[C@H]2C)n1,0.4525,0.6,0.9247971,0.6971048,0.5048139,0.80716777,0.6643972678979239,0.6614216144626022,5.0,0.6439738778989912,0,1,1,1,1,1,5,1,1,1,Level_2_Medium_Confidence
ZINCtj000013fbWR,O=C(NC[C@@H]1COCCN(C(=O)c2[nH]nc([N+](=O)[O-])c2Cl)C1)C1C2(CC2)C12CC2,0.3,0.515,0.3999495,0.8340216,0.9530584,0.9999651,0.6669991020361582,0.6607138174307261,4.0,0.6051586097661257,0,0,1,1,1,1,4,1,1,1,Level_2_Medium_Confidence
ZINCtU00000x0bD3,O=C(c1cc(Cl)cc(Cl)c1)N1CCc2sc(-c3ccc([N+](=O)[O-])cc3F)nc2C1,0.315,0.525,0.8412702,0.4682659,0.814879,0.99998546,0.6607334260145823,0.6564066011432215,4.0,0.6130521928104297,0,1,1,1,0,1,4,1,1,1,Level_2_Medium_Confidence
ZINCs5000003VF69,COc1n[nH]c(C(=O)N2CCC3(CC2)CN(C(=O)CS(N)(=O)=O)CCO3)c1Cl,0.315,0.6761666666666667,0.47270215,0.9227726,0.59302,0.9993137,0.6631625221040514,0.6556458319033854,4.0,0.6167885392014034,0,0,1,1,1,1,4,1,1,1,Level_2_Medium_Confidence
ZINCrT000012pCLy,CCCc1ccc(-c2nc(C(C)(C)c3ccnc(Cl)c3)no2)cc1[N+](=O)[O-],0.2766666666666666,0.485,0.70432967,0.7124962,0.7857445,0.9999732,0.6607017038928138,0.6549484891023477,4.0,0.6127092965289685,0,1,1,0,1,1,4,1,1,1,Level_2_Medium_Confidence
ZINCrF00000X5vXb,O=C(O)C[C@H](NS(=O)(=O)c1cnc(Cl)c([N+](=O)[O-])c1)c1ccc(Cl)cc1Br,0.265,0.6006666666666667,0.32947055,0.90892494,0.8659756,0.9999994,0.6616728618807263,0.6541662393501182,4.0,0.5878793935250488,0,0,1,1,1,1,4,1,1,1,Level_2_Medium_Confidence
ZINCtx00000iw9KY,Cc1ccc(C(=O)N2CCN(C(=O)[C@@H]3C[C@H]3C(F)F)[C@H](C(F)F)C2)c([N+](=O)[O-])c1,0.25,0.445,0.6527153,0.7846747,0.82805276,0.99993426,0.6600628407796224,0.6538956113571815,4.0,0.6011144337168656,0,1,1,0,1,1,4,1,1,1,Level_2_Medium_Confidence
ZINCtT00000wYwjY,Cc1nc(NC(=O)[C@H]2CCN(Cc3c(Cl)cc(F)cc3Cl)C2)c([N+](=O)[O-])cc1Br,0.3625,0.45,0.52490103,0.6302936,0.98195314,0.999934,0.6582636336485544,0.653869180222775,4.0,0.6128683027554961,0,1,1,0,1,1,4,1,1,1,Level_2_Medium_Confidence
ZINCtJ000006XXco,Cc1ccc(C(=O)N2CC[C@H](N=c3[nH]ccc(C#N)c3[N+](=O)[O-])C[C@@H]2C)cc1Cl,0.33,0.5425,0.5076613,0.6538305,0.91929626,0.99997944,0.6588779187202454,0.6535842622171901,5.0,0.6159799564763762,0,1,1,1,1,1,5,1,1,1,Level_2_Medium_Confidence
ZINCtj000013fdQH,O=C(NC[C@@H]1COCCN1C(=O)c1cn(C2CC2)cn1)c1cc(Cl)c([N+](=O)[O-])[nH]1,0.265,0.48,0.6688025,0.8132729,0.73105943,0.99997383,0.659684776465098,0.6533078672361711,4.0,0.6081262768832151,0,1,1,0,1,1,4,1,1,1,Level_2_Medium_Confidence
ZINCtj00000u9dKO,Cc1cc(CC(=O)N2CCN(C(=O)c3cc([N+](=O)[O-])cn3C)C[C@H]2C(F)F)no1,0.29,0.47,0.9215252,0.5083907,0.7555138,0.99991685,0.6575577572981516,0.6530552504164107,4.0,0.6033479300550536,0,1,1,0,1,1,4,1,1,1,Level_2_Medium_Confidence
ZINCtt00000tnuA9,Cc1cnoc1C(=O)N1CC[C@@H](C(=O)Nc2c([N+](=O)[O-])ccc(Cl)c2C)[C@@H](O)C1,0.31,0.5566666666666668,0.33624834,0.7564558,0.9891174,0.9999923,0.658080079820421,0.6519792774693058,4.0,0.5928445743190448,0,0,1,1,1,1,4,1,1,1,Level_2_Medium_Confidence
ZINCtL000004yn0O,Cc1ncc(C(=O)N2C[C@H](Nc3c(F)cc([N+](=O)[O-])cc3F)CC3(CCC3)C2)s1,0.33,0.555,0.5984729,0.7072783,0.75465447,0.99999905,0.6575674529870351,0.6519088906768365,5.0,0.6230624524482179,0,1,1,1,1,1,5,1,1,1,Level_2_Medium_Confidence
ZINCsC000004NuQO,C[C@H](N=c1cc[nH]cc1[N+](=O)[O-])[C@@H]1CCCN(C(=O)C[C@@H]2OCCC2(C)C)C1,0.3,0.425,0.84299046,0.7441592,0.63161516,0.9999075,0.6572787225246429,0.6518472620781431,4.0,0.6079975747018587,0,1,1,0,1,1,4,1,1,1,Level_2_Medium_Confidence
ZINCty000009kHe3,CSc1nc(Cl)c(C)c(N2CC[C@@H]([C@H](C)NC(=O)c3coc(S(C)(=O)=O)c3)C2)n1,0.24,0.7125,0.76335907,0.90042907,0.5770681,0.75237054,0.657621127764384,0.6514953904118098,5.0,0.6090302833727632,0,1,1,1,1,1,5,1,1,1,Level_2_Medium_Confidence
ZINCtd00001QvJJH,CCN(C(=O)[C@@H]1CN(C(=O)c2cccc([N+](=O)[O-])c2O)CCN1)C1CCOCC1,0.325,0.4,0.5997154,0.65909624,0.9518373,0.99990606,0.6559258361657461,0.651287067528312,4.0,0.6047277337058325,0,1,1,0,1,1,4,1,1,1,Level_2_Medium_Confidence
ZINCrv00000PRFZ8,CCCn1ccc(C(=O)NCC2(CNc3ccc([N+](=O)[O-])c(O)c3)CC2)n1,0.245,0.405,0.7602705,0.83889,0.6923169,0.9998423,0.6568866113821665,0.6505664633690043,4.0,0.5937292538131032,0,1,1,0,1,1,4,1,1,1,Level_2_Medium_Confidence
ZINCsp00001cj9Ak,Cn1c(Cl)cnc1[C@@H](C(=O)N[C@@H]1CCOC1)N1CCOc2cc(Cl)ncc2C1,0.26166666666666666,0.6,0.7267805,0.7593583,0.7910894,0.79182273,0.6551195957925584,0.6501583598466065,5.0,0.6153192894638942,0,1,1,1,1,1,5,1,1,1,Level_2_Medium_Confidence
ZINCtK00000tIzk4,O=[N+]([O-])c1ccc(Cl)c(CN2CCC[C@H]2CNS(=O)(=O)c2cc(F)cc(Br)c2)c1,0.3025,0.6304166666666666,0.42012268,0.9293454,0.65800965,0.9999723,0.6567277851369645,0.6492343777432227,4.0,0.604905822150085,0,0,1,1,1,1,4,1,1,1,Level_2_Medium_Confidence
ZINCsm00000UTPq2,COc1ccc(C(=O)N[C@@H]2C[C@H](C)N(C(=O)c3cc(S(N)(=O)=O)sc3Cl)C2)o1,0.345,0.7333333333333334,0.7723102,0.96665937,0.1295001,0.99458635,0.6568982253803147,0.6490852450190142,4.0,0.5382901034234969,0,1,0,1,1,1,4,1,1,1,Level_2_Medium_Confidence
ZINCt500001cLguP,CC(C)[C@H](O)CC(=O)N1C[C@H]2C[C@H](O)[C@@H]1[C@@H]2NC(=O)c1cc(S(N)(=O)=O)c(Cl)o1,0.33,0.64125,0.9580372,0.96919876,0.038825035,0.99834025,0.6559418741861979,0.6484287643971595,4.0,0.44356216688067085,0,1,0,1,1,1,4,1,1,1,Level_2_Medium_Confidence
ZINCtG00000deg35,O=C(NCc1ncoc1C1CN(C(=O)c2ccc(Cl)o2)C1)C1CC(CC2CC2)C1,0.32,0.555,0.54002005,0.8857805,0.874821,0.73729974,0.6521535515785217,0.6477281621331018,5.0,0.6162974562263877,0,1,1,1,1,1,5,1,1,1,Level_2_Medium_Confidence
ZINCtE00000raUhI,CN1C(C(=O)N2CCC[C@@H](CNC(=O)C3=COC(Cl)=C3)C2)=CC2=CC=C(O)C=C21,0.29,0.545,0.64791787,0.79219306,0.6500367,0.99702215,0.6536949610710144,0.6472685102706259,5.0,0.6120656793242846,0,1,1,1,1,1,5,1,1,1,Level_2_Medium_Confidence
ZINCto00000WjFGJ,CC(C)n1ncc(Cl)c1C(=O)N1C[C@H]2CCN(C(=O)c3cc(CO)on3)C[C@H]2C1,0.365,0.58,0.6374768,0.7372848,0.5984463,0.99769866,0.6526510926087697,0.6469783239499897,5.0,0.6246559042658586,0,1,1,1,1,1,5,1,1,1,Level_2_Medium_Confidence
ZINCrB000001fdeR,Cc1nc(N2CC[C@H](C3CCN(C(=O)C4(C)CC4)CC3)C2)ccc1[N+](=O)[O-],0.245,0.45,0.5439558,0.78127027,0.8947543,0.99982965,0.652468334833781,0.6461684304771693,4.0,0.5893802132288162,0,1,1,0,1,1,4,1,1,1,Level_2_Medium_Confidence
ZINCmB000009ZhSB,O=Cc1sc(-c2ccc(S(=O)(=O)N3CCCC3)cc2)nc1Br,0.225,0.6716666666666665,0.31524095,0.8563842,0.86492574,0.98902285,0.6537067378229565,0.6457598878024036,4.0,0.5716612975905021,0,0,1,1,1,1,4,1,1,1,Level_2_Medium_Confidence
ZINCsp00000FeHH9,COc1cc(C(=O)N2CC[C@H]2CNC(=O)C23CSC(C2)C3)c([N+](=O)[O-])cc1F,0.295,0.51,0.44288313,0.7009806,0.95850205,0.9999995,0.6512275524934132,0.6454641194123747,4.0,0.5958862477418658,0,0,1,1,1,1,4,1,1,1,Level_2_Medium_Confidence
ZINCpl000000Jlsl,Cc1ccc(O)c(S(=O)(=O)N2CCN(Cc3c(Cl)ncn3C)CC2)c1,0.29100000000000004,0.6866666666666665,0.88418764,0.95284194,0.10624151,0.99840933,0.6532245138552454,0.6451815506111364,4.0,0.5112514114870841,0,1,0,1,1,1,4,1,1,1,Level_2_Medium_Confidence
ZINCso00001cj9B3,CN1CCn2nc(COC(=O)c3cc(S(=O)(=O)NC4CC4)ccc3Br)cc2C1,0.31,0.79375,0.7113285,0.9667022,0.14422995,0.99306667,0.65317955772082,0.6447086091582656,4.0,0.537948089452796,0,1,0,1,1,1,4,1,1,1,Level_2_Medium_Confidence
ZINCtK00000tIzkc,O=[N+]([O-])c1ccc(CN2CCC[C@H](NS(=O)(=O)Cc3ccc(Cl)cc3)C2)c(Br)c1,0.315,0.5066666666666666,0.8560881,0.29552814,0.9132626,0.9999861,0.6477552716599569,0.644306713365212,4.0,0.5769302440774884,0,1,1,1,0,1,4,1,1,1,Level_2_Medium_Confidence
ZINCtt00000tnuAA,Cc1c([N+](=O)[O-])ccc(Br)c1C(=O)N1CCN(S(=O)(=O)C2CCOCC2)[C@@H](C)C1,0.335,0.5816666666666667,0.7432881,0.2437521,0.9823761,0.99999464,0.64767960127857,0.644283938620671,4.0,0.5710620936856879,0,1,1,1,0,1,4,1,1,1,Level_2_Medium_Confidence
ZINCsv00000677Zr,COc1ncc(Cl)cc1C(=O)N(C)[C@@H]1CCCN(C(=O)c2nc(O)sc2C)C1,0.305,0.73,0.926639,0.92183125,0.04892957,0.97905743,0.6519095450391372,0.6440827288325374,4.0,0.45701176165050655,0,1,0,1,1,1,4,1,1,1,Level_2_Medium_Confidence
ZINCtI00000oBdTm,Cc1cc(C(=O)N[C@H](C)[C@@H]2CCCCN2C(=O)c2ccc([N+](=O)[O-])cc2Cl)ns1,0.27166666666666667,0.6354166666666666,0.6109387,0.65592057,0.728222,0.9999979,0.6503604254457686,0.643953503446376,5.0,0.6077166372769681,0,1,1,1,1,1,5,1,1,1,Level_2_Medium_Confidence
ZINCtu00000dzGvm,COC1(C(=O)N2CCCN(C(=O)[C@@H](C)c3ccc([N+](=O)[O-])cc3F)[C@H](C)C2)CC1,0.2425,0.525,0.52720165,0.77681196,0.82879233,0.9998674,0.6500288871924083,0.6433053030189892,5.0,0.592368522438219,0,1,1,1,1,1,5,1,1,1,Level_2_Medium_Confidence
ZINCsN00000gCupB,O=S(=O)(c1ccc(Cl)c(Cl)c1)N1CCn2cc(-c3cc(F)ccc3F)nc2C1,0.36625,0.6316666666666667,0.66248065,0.80237687,0.9115468,0.49685138,0.6451953993903267,0.6432734727662224,4.0,0.617974345875511,0,1,1,1,1,0,4,1,1,1,Level_2_Medium_Confidence
ZINCpH00000qYqtW,COc1nc(C)c(S(=O)(=O)Oc2c(F)cc(Br)cc2[N+](=O)[O-])cc1Br,0.29,0.5179166666666667,0.52618986,0.6807923,0.8729987,0.9999972,0.6479824525780148,0.6422054624275676,5.0,0.6006727006059266,0,1,1,1,1,1,5,1,1,1,Level_2_Medium_Confidence
ZINCs50000066r0S,Cn1cc(C(=O)N[C@H]2C[C@H](Nc3ncc(Cl)c(O)n3)C2(C)C)c(=O)n(C)c1=O,0.375,0.575,0.7090893,0.9635743,0.27008784,0.9990375,0.648631485303243,0.6418156736285973,4.0,0.5842006143973762,0,1,0,1,1,1,4,1,1,1,Level_2_Medium_Confidence
ZINCto000008gr3U,O=C(N[C@H]1CCOC2(CCN(C(=O)c3cc(Cl)ncc3O)CC2)C1)c1csnn1,0.35,0.6785416666666667,0.69587404,0.8202859,0.34290296,0.99919534,0.6477999856736925,0.6409636995696569,4.0,0.5995522179857358,0,1,0,1,1,1,4,1,1,1,Level_2_Medium_Confidence
ZINCto00000cO3Lh,Cc1nc2sccn2c(=O)c1CCN1[C@H]2CC[C@H]1CN(C(=O)[C@H]1CCCCO1)C2,0.28,0.615,0.4513544,0.8818371,0.6731379,0.9848062,0.6476892711718877,0.6403693947048051,4.0,0.597354773926097,0,0,1,1,1,1,4,1,1,1,Level_2_Medium_Confidence
ZINCse00002dBCAM,COc1nn(C)cc1C(=O)N1CC[C@@H]2CN(C(=O)c3cc(CO)oc3C)[C@H]2C1,0.32,0.535,0.76995885,0.77765083,0.48581427,0.9899661,0.6463983424504598,0.6403533209215665,4.0,0.605537557916896,0,1,0,1,1,1,4,1,1,1,Level_2_Medium_Confidence
ZINCrU00000rQeYH,Cc1cc(Br)nc(Cl)c1NC(=O)[C@@H]1CC12CCN(Cc1ccc(Br)o1)CC2,0.285,0.605,0.16063856,0.8816261,0.9720519,0.980301,0.6474362710118293,0.6402522878824395,4.0,0.5343148354893851,0,0,1,1,1,1,4,1,1,1,Level_2_Medium_Confidence
ZINCpE00000qYqtM,COc1nc(C)c(S(=O)(=O)Nc2c(C)ccc([N+](=O)[O-])c2C)cc1Br,0.29,0.5104166666666666,0.38169122,0.70780474,0.9832463,0.9999952,0.6455256870057847,0.6396187921506011,4.0,0.5831336710838215,0,0,1,1,1,1,4,1,1,1,Level_2_Medium_Confidence
ZINCty00000xArmi,O=C(Nc1cnn(CC(F)F)c1)[C@@H]1CCN(C(=O)c2ccc(Cl)c([N+](=O)[O-])c2)C1,0.3275,0.445,0.6633133,0.52153003,0.90557754,0.99995065,0.6438119248549143,0.6395584193780912,4.0,0.5978316844447268,0,1,1,0,1,1,4,1,1,1,Level_2_Medium_Confidence
ZINCtx00000ghN2y,COc1nscc1C(=O)N1CCN(C(=O)c2cc(C)co2)C[C@@H]1c1ccncc1,0.415,0.59,0.7528548,0.81888855,0.29661173,0.9932897,0.644440800746282,0.638675779366324,4.0,0.5952280637366313,0,1,0,1,1,1,4,1,1,1,Level_2_Medium_Confidence
ZINCtD000004jIUG,CC(=O)c1cnc(Cl)nc1N1CCN(C(=O)CCc2ccc([C@H]3C[C@@H]3C)o2)CC1,0.335,0.54,0.7975856,0.9580701,0.34805146,0.88848174,0.6445314834515253,0.6385129898236999,4.0,0.5913131274843588,0,1,0,1,1,1,4,1,1,1,Level_2_Medium_Confidence
ZINCpG00000qYqtL,COc1nc(C)c(S(=O)(=O)N2CC[C@H](c3ccc(C)cc3)C2)cc1Br,0.275,0.6266666666666666,0.80822456,0.92791986,0.7873067,0.41900524,0.6406871768501069,0.6379572705230532,4.0,0.5910567807746808,0,1,1,1,1,0,4,1,1,1,Level_2_Medium_Confidence
ZINCtL000004ymDZ,Cc1ncc(C(=O)N2C[C@@H](Nc3cc(C)c([N+](=O)[O-])cc3Br)CC3(CCC3)C2)[nH]1,0.305,0.525,0.54007214,0.75557905,0.73849416,0.99999696,0.6440237192312877,0.6379021208337011,5.0,0.603377941370587,0,1,1,1,1,1,5,1,1,1,Level_2_Medium_Confidence
ZINCsv00000674X9,COc1ccc(Br)c([C@@H](C(=O)O)N(C)C(=O)c2cccc3c2nc(O)n3C)c1,0.2783333333333334,0.535,0.6246652,0.89030665,0.5472884,0.98950267,0.6441827119721307,0.6371496117763203,5.0,0.5960598375317444,0,1,1,1,1,1,5,1,1,1,Level_2_Medium_Confidence
ZINCsn00001FmmBw,CC(C)(C)n1nnnc1[C@@H](c1csc([N+](=O)[O-])c1)N1[C@H]2CC[C@H]1CS(=O)(=O)C2,0.255,0.55,0.69760996,0.6634964,0.6931997,0.999998,0.6432173339525858,0.6370006974707259,5.0,0.5963967433695424,0,1,1,1,1,1,5,1,1,1,Level_2_Medium_Confidence
ZINCtT0000088Pxs,O=C(N[C@H]1CCCN(c2nc3ccccc3cc2[N+](=O)[O-])C1)c1c(Cl)csc1Cl,0.27,0.545,0.7172075,0.7321948,0.59343565,0.9999886,0.642971088886261,0.6365460857262847,5.0,0.59827391282343,0,1,1,1,1,1,5,1,1,1,Level_2_Medium_Confidence
ZINCrF00000X5oSP,Cc1cc(NS(=O)(=O)c2cc(C(=O)O)c(O)cc2Br)ccc1N1CCCC1,0.27,0.8016666666666665,0.79161423,0.9835201,0.023784922,0.9998968,0.6450804564149842,0.6359766232606296,4.0,0.3985522129659622,0,1,0,1,1,1,4,1,1,1,Level_2_Medium_Confidence
ZINCtn0000098PMb,COc1ccc([N+](=O)[O-])c(N[C@@H]2CN(C(=O)c3cnc(O)n3C)CC2(C)C)c1F,0.3,0.525,0.6130752,0.64848083,0.75861764,0.99999166,0.6408608873685201,0.6352310287191512,5.0,0.6017994597188867,0,1,1,1,1,1,5,1,1,1,Level_2_Medium_Confidence
ZINCqo00001zawet,Cc1nc(Cl)ccc1S(=O)(=O)N1CC[C@H](CC(=O)Nc2ccncn2)C1,0.32,0.6816666666666665,0.50408214,0.9362827,0.44966018,0.9635698,0.6425435843732622,0.6350676325844252,4.0,0.5955245382442294,0,1,0,1,1,1,4,1,1,1,Level_2_Medium_Confidence
ZINCtw00000tFdbV,CO[C@H]1C[C@@H](C(=O)Nc2cc(O)ccc2[N+](=O)[O-])N(Cc2cnc(Cl)nc2Cl)C1,0.28,0.475,0.6125668,0.6904829,0.77825135,0.9999948,0.6393826512495676,0.6336022868224069,4.0,0.5936711538263398,0,1,1,0,1,1,4,1,1,1,Level_2_Medium_Confidence
ZINCtx00000y3zqx,Cc1ncc(C(=O)N2CCC(CNC(=O)c3cc([N+](=O)[O-])c(Cl)cc3F)CC2)[nH]1,0.31,0.455,0.5863706,0.52289206,0.9540666,0.9999732,0.6380503996213277,0.6335198359032894,4.0,0.5878331280244966,0,1,1,0,1,1,4,1,1,1,Level_2_Medium_Confidence
ZINCmJ000003gl5s,O=C(O)[C@H]1CCC2(CCOCC2)N(Cc2csc(Cl)c2Cl)C1,0.355,0.475,0.68588394,0.6655199,0.65369415,0.98846775,0.6372609563668569,0.6323578834533691,4.0,0.6064268996286467,0,1,1,0,1,1,4,1,1,1,Level_2_Medium_Confidence
ZINCsi00001CDoPf,CN1CC[C@H](O)[C@@H](Nc2ncccc2S(=O)(=O)N2CCCc3occc3C2)C1,0.39,0.57,0.86165464,0.4794714,0.6333165,0.8765462,0.635164790948232,0.6320262083178716,4.0,0.6089362604682967,0,1,1,1,0,1,4,1,1,1,Level_2_Medium_Confidence
ZINCtL000004ykMQ,Cc1ncc(C(=O)N2CCC[C@H]([C@@H]3C[C@@H](Nc4ncnc(Cl)c4Br)CCO3)C2)s1,0.355,0.51,0.6071571,0.7337895,0.65400815,0.9630876,0.6371737305323283,0.6319454315199073,5.0,0.6085832732230475,0,1,1,1,1,1,5,1,1,1,Level_2_Medium_Confidence
ZINCsk00001pohYk,CN1C[C@@]2(CCN(c3ncccc3S(=O)(=O)N3CC[C@@H](C(F)F)C3)C2)CC1=O,0.275,0.6925,0.42997608,0.7567322,0.77007496,0.90491337,0.6381994384527206,0.6316957661192467,4.0,0.5923065016570148,0,0,1,1,1,1,4,1,1,1,Level_2_Medium_Confidence
ZINCtx00000ghNgK,COc1nscc1C(=O)N1CCN(C(=O)c2ocnc2C2CC2)C[C@@H]1C1CCC1,0.375,0.69,0.79055274,0.95636487,0.025069395,0.99545676,0.6387406259402633,0.6312779672501991,4.0,0.41187634039339976,0,1,0,1,1,1,4,1,1,1,Level_2_Medium_Confidence
ZINCrC00000bDsV4,O=C(c1cc(O)cc(Cl)c1)N1CCN(C(=O)c2ccoc2C(F)(F)F)CC1,0.35,0.66,0.5663463,0.9029744,0.352199,0.99951863,0.638506389260292,0.6312271662553152,4.0,0.5886060855201886,0,1,0,1,1,1,4,1,1,1,Level_2_Medium_Confidence
ZINCqC0000044PRm,CN(CC1CC1)[C@@H]1CCN(S(=O)(=O)c2ccc(Br)c(C#N)c2)CC12CC2,0.35,0.613,0.66865796,0.92688227,0.8410577,0.39837134,0.6329948803583781,0.6311091742126654,4.0,0.5954041160904333,0,1,1,1,1,0,4,1,1,1,Level_2_Medium_Confidence
ZINCtc00000o6OuQ,NS(=O)(=O)c1ccc(C(=O)N[C@H]2CCN(C(=O)c3cnc4sccn34)C[C@H]2F)o1,0.41,0.6905833333333333,0.8185081,0.5798603,0.31886983,0.99490136,0.6354538233015272,0.6302709861573879,4.0,0.5910487403016862,0,1,0,1,1,1,4,1,1,1,Level_2_Medium_Confidence
ZINCql00001zawdn,Cc1nc(Cl)ccc1CN1CC2(C1)CN(C(=O)c1nccn1C)CCO2,0.4,0.625,0.81354433,0.85200197,0.14302695,0.9849699,0.6364238599936167,0.6301520231133657,4.0,0.5386009448807435,0,1,0,1,1,1,4,1,1,1,Level_2_Medium_Confidence
ZINCpH00000qYqtU,COc1nc(C)c(S(=O)(=O)Oc2cc(Br)cc(F)c2[N+](=O)[O-])cc1Br,0.285,0.5179166666666667,0.49301356,0.6807923,0.8396721,0.9999972,0.6360652977890439,0.6301172063254858,4.0,0.5886373133610232,0,0,1,1,1,1,4,1,1,1,Level_2_Medium_Confidence
ZINCsI00000kXg12,CN(C)[C@H]1CCCN(C(=O)c2cc(-c3cc(O)ccc3F)c3cc[nH]c3c2)C1,0.285,0.485,0.54367965,0.8618279,0.66611785,0.9754728,0.6361830365657807,0.6296657431548368,4.0,0.5897746188276937,0,1,1,0,1,1,4,1,1,1,Level_2_Medium_Confidence
ZINCtJ00000xQw9U,CN([C@H]1CCN(C(=O)c2cc(F)c(Cl)nc2Cl)C1)S(=O)(=O)c1cccc(Br)c1F,0.295,0.6941666666666666,0.32397845,0.8631658,0.656584,0.9875974,0.6367487244473563,0.6290989099467618,4.0,0.5776007241704862,0,0,1,1,1,1,4,1,1,1,Level_2_Medium_Confidence
ZINCtv00000lfqFZ,CC1(C)[C@@H](CNC(=O)c2ccsc2C#N)CCN1C(=O)c1[nH]nc([N+](=O)[O-])c1Cl,0.28,0.5225,0.2996421,0.7175446,0.9817646,0.9999989,0.6335750404993693,0.6273362464431329,4.0,0.5601235415457547,0,0,1,1,1,1,4,1,1,1,Level_2_Medium_Confidence
ZINCtm00001UFmet,COc1c(C)nc(N2CCN(C(=O)CN(C)C(=O)c3cnc(Cl)s3)CC2)nc1C,0.35,0.615,0.76167804,0.8880273,0.22792986,0.9596038,0.6337064995368321,0.6270489415040252,4.0,0.5629964837084335,0,1,0,1,1,1,4,1,1,1,Level_2_Medium_Confidence
ZINCtt00000tnuAH,Cc1c([N+](=O)[O-])ccc(F)c1C(=O)N1CC2(CCN(C(=O)c3ccn(C)c3)C2)C1,0.315,0.45,0.5126918,0.5778316,0.9352992,0.9999985,0.6318035248915355,0.6269849727339778,4.0,0.5830267008229653,0,1,1,0,1,1,4,1,1,1,Level_2_Medium_Confidence
ZINCsl00000jhXdo,Cn1ncc(Br)c1C(=O)N1C[C@H]2CC[C@@H](C1)[C@@H]2C(=O)N1CCn2ccnc2C1,0.455,0.435,0.7379746,0.5897532,0.72904766,0.82424474,0.628503364721934,0.6264652990618496,4.0,0.6104790230944891,0,1,1,0,1,1,4,1,1,1,Level_2_Medium_Confidence
ZINCtK00000tIzkQ,O=[N+]([O-])c1c(Cl)cc(Cl)cc1CN[C@@H]1CC[C@H](NS(=O)(=O)c2ccc(F)cc2)C1,0.3375,0.6004166666666666,0.22250892,0.8880139,0.75101376,0.99998957,0.6332404688662953,0.6261867532930193,4.0,0.557642901959684,0,0,1,1,1,1,4,1,1,1,Level_2_Medium_Confidence
ZINCtx00000ghMMc,COc1nscc1C(=O)N1CCC[C@]12CCCN(C(=O)[C@@]1(C3CC3)CCCO1)C2,0.35,0.665,0.6302894,0.9414506,0.27765357,0.93427867,0.633112035592397,0.6261225430339786,4.0,0.574162052197494,0,1,0,1,1,1,4,1,1,1,Level_2_Medium_Confidence
ZINCtI00000xQw9Y,CN([C@@H]1CCN(C(=O)c2sccc2Cl)C1)S(=O)(=O)c1ccc(OC(F)(F)F)cc1,0.23,0.7841666666666667,0.27090916,0.97485584,0.5755094,0.9764452,0.6353143823809094,0.6260991206715856,4.0,0.5469321291814844,0,0,1,1,1,1,4,1,1,1,Level_2_Medium_Confidence
ZINCtz00000DDmXc,CC(C)c1c(Cl)ncnc1N[C@@H]1CC[C@H](O)CN(C(=O)C[C@H]2CC3(CC3)CO2)C1,0.33,0.625,0.836094,0.95256114,0.060891256,0.9956315,0.6333629889289538,0.6258086101118977,4.0,0.46383756375304835,0,1,0,1,1,1,4,1,1,1,Level_2_Medium_Confidence
ZINCqq00000CyrKC,COc1nccnc1C(=O)N(Cc1cc(C(N)=O)cs1)C[C@@H](F)C1CC1,0.325,0.505,0.6374574,0.88493913,0.60188055,0.8313816,0.6309431123733521,0.625772782183708,5.0,0.5992964004395069,0,1,1,1,1,1,5,1,1,1,Level_2_Medium_Confidence
ZINCsN00000gCuG4,O=S(=O)(c1ccc2c(Cl)cccc2c1)N1CCC(O)(c2ccccc2F)CC1,0.33,0.5666666666666667,0.4195317,0.7667978,0.8719926,0.82700884,0.6303329303529527,0.6255395892382231,4.0,0.592768382656055,0,0,1,1,1,1,4,1,1,1,Level_2_Medium_Confidence
ZINCsQ000001FrX6,CCc1ccc([N+](=O)[O-])cc1S(=O)(=O)NC1(Cc2ccc(Cl)cc2)CCCC1,0.235,0.6604166666666665,0.250053,0.970827,0.68665886,0.9999885,0.6338239990340339,0.6251081595113654,4.0,0.5438335141773805,0,0,1,1,1,1,4,1,1,1,Level_2_Medium_Confidence
ZINCtG00000QWyy5,Cc1cc([N+](=O)[O-])ccc1CN(Cc1cn(C[C@@H]2CCCO2)nn1)CC1(Br)CC1,0.22,0.52,0.50763863,0.8988626,0.6499685,0.9999765,0.6327410423755646,0.6250104916264824,5.0,0.5689743467030918,0,1,1,1,1,1,5,1,1,1,Level_2_Medium_Confidence
ZINCrr000007vo6v,C[C@H](NC(=O)c1coc(Cl)c1)C1CCN(c2ccnc(S(C)(=O)=O)n2)CC1,0.265,0.6425,0.79744804,0.7878295,0.4585183,0.83178794,0.6305139662822087,0.6245887038301914,4.0,0.5867284627957471,0,1,0,1,1,1,4,1,1,1,Level_2_Medium_Confidence
ZINCqD00000kwbQ6,Cc1nn2c(N3CCN(C(=O)c4ccc(Br)o4)CC3)cc(Cl)nc2c1C,0.345,0.51,0.67606455,0.76576304,0.49268755,0.990527,0.6300070204337438,0.6242004826051969,4.0,0.5951845139220396,0,1,0,1,1,1,4,1,1,1,Level_2_Medium_Confidence
ZINCsB00000vTfoc,Nc1ccc(Cl)c(F)c1C(=O)NC1CN(c2nc(C[C@H]3CCCOC3)cs2)C1,0.39299999999999996,0.4575,0.7384429,0.606586,0.5682353,0.99964255,0.6272344510555268,0.6228690885313859,4.0,0.5980364345290854,0,1,1,0,1,1,4,1,1,1,Level_2_Medium_Confidence
ZINCtK00000tIzkO,O=[N+]([O-])c1c(Cl)cccc1CN1C[C@H]2CN(S(=O)(=O)c3ccc(Cl)c(Cl)c3)C[C@@H]21,0.26,0.5816666666666667,0.42104,0.8777903,0.6408838,0.99999994,0.6302301135328081,0.6226113362740681,4.0,0.5741475099443156,0,0,1,1,1,1,4,1,1,1,Level_2_Medium_Confidence
ZINCth000015zS9y,CN(C)c1ccnc(C(=O)NC2(CNC(=O)c3c(Cl)c([N+](=O)[O-])nn3C)CC2)c1,0.29,0.51,0.43966934,0.79873264,0.73070526,0.99999225,0.6281832486391067,0.621610440125702,4.0,0.5797033046638828,0,0,1,1,1,1,4,1,1,1,Level_2_Medium_Confidence
ZINCrE00000unwKu,Cc1ccc(CC(=O)N2CC[C@H]3CCN(C(=O)c4ccoc4Br)C[C@@H]3C2)o1,0.305,0.595,0.14086594,0.8014337,0.9303502,0.99500775,0.6279429261883099,0.6210782444265717,4.0,0.5164090954383099,0,0,1,1,1,1,4,1,1,1,Level_2_Medium_Confidence
ZINCqc00000TluE5,C/C=C(\C)C(=O)N1C[C@@H](O)C[C@@H](NC(=O)c2c(Cl)c([N+](=O)[O-])nn2C)C1,0.28,0.57,0.18895225,0.847373,0.87966007,0.9998237,0.6276348367333412,0.6203911569777956,4.0,0.5312304751164509,0,0,1,1,1,1,4,1,1,1,Level_2_Medium_Confidence
ZINCsG000000odvX,CCOc1cc(COC(=O)c2ccc3c(c2)nc(O)n3CC2CC2)c(Br)cn1,0.365,0.435,0.7231545,0.8694519,0.54577553,0.8084099,0.6244653046131133,0.620239039718682,4.0,0.594270368938972,0,1,1,0,1,1,4,1,1,1,Level_2_Medium_Confidence
ZINCtK00000tIzkE,O=[N+]([O-])c1ccc(S(=O)(=O)N[C@@H]2CC[C@@H](NCc3cc(Br)ccc3I)C2)c(F)c1,0.2875,0.5879166666666666,0.24700622,0.8043247,0.8333749,0.99997735,0.6266833072569635,0.6196283159540618,4.0,0.55100294109889,0,0,1,1,1,1,4,1,1,1,Level_2_Medium_Confidence
ZINCtn0000098PSa,COc1ccc([N+](=O)[O-])c(N[C@H]2CN(C(=O)c3cn(C)nc3OC)CC2(C)C)n1,0.35,0.365,0.84666103,0.501044,0.67736435,0.99998164,0.6233418329556782,0.6196042560601065,4.0,0.576492216194203,0,1,1,0,1,1,4,1,1,1,Level_2_Medium_Confidence
ZINCth00001rXSGH,C[C@@H]1CN(c2ncc3c(n2)CCC3)C[C@@H]1NC(=O)c1cc(S(=O)(=O)O)ccc1O,0.25,0.625,0.31510323,0.85967314,0.7480731,0.9649513,0.6271334588527679,0.6195696659967409,4.0,0.5591254721995789,0,0,1,1,1,1,4,1,1,1,Level_2_Medium_Confidence
ZINCtE00000raUhQ,CN1C(C(=O)N2CCC[C@H](NC(=O)C(=O)C3=CC=C(Cl)C=C3)C2)=CC2=C1SC=C2,0.3,0.5841666666666667,0.43777162,0.72701395,0.8592522,0.8394112,0.6246026073561775,0.6194909352247314,4.0,0.585361243869909,0,0,1,1,1,1,4,1,1,1,Level_2_Medium_Confidence
ZINCtt00000tnuAy,Cc1c([N+](=O)[O-])ccc(Br)c1C(=O)N1C[C@H](O)C[C@@H]1C(=O)Nc1cnnc(Cl)c1,0.275,0.52,0.3257002,0.6562438,0.9757178,0.99999356,0.6254425567388534,0.6194123354617586,4.0,0.5568737956787306,0,0,1,1,1,1,4,1,1,1,Level_2_Medium_Confidence
ZINCqy00000F1336,O=C(Cc1ccc(F)c(Cl)c1)N1CC=C[C@H](NS(=O)(=O)c2cccs2)C1,0.3675,0.6445238095238095,0.27104312,0.94198245,0.61824596,0.9089493,0.6253741090449075,0.618788085676697,4.0,0.5691320948480822,0,0,1,1,1,1,4,1,1,1,Level_2_Medium_Confidence
ZINCtx00000ghLz6,COc1nscc1C(=O)N1CCC2(CC1)CN(C(=O)c1nc(C3CC3)oc1C)C2,0.38,0.645,0.7212812,0.94530755,0.06118865,0.9990595,0.625306145225962,0.6180111344391149,4.0,0.46581543580305934,0,1,0,1,1,1,4,1,1,1,Level_2_Medium_Confidence
ZINCtK00000tIzkq,O=[N+]([O-])c1cc(CN2CC3(C2)OCc2cc(C4=CCOC4)ccc23)c(F)cc1Cl,0.29666666666666663,0.45,0.6108767,0.5667818,0.8129621,0.9999931,0.6228800609376696,0.6178628592062785,4.0,0.5787437817254821,0,1,1,0,1,1,4,1,1,1,Level_2_Medium_Confidence
ZINCtw00000zHqPD,Cc1nccnc1[C@@H](C)Nc1ccc(S(=O)(=O)N[C@H]2CC[C@@H](C(N)=O)C2)c(Br)c1,0.275,0.6554166666666665,0.5678965,0.9265083,0.33768085,0.98820865,0.625118492907948,0.6170314257421109,4.0,0.5624111974870547,0,1,0,1,1,1,4,1,1,1,Level_2_Medium_Confidence
ZINCrA00000kUoZh,N#Cc1cc(C(=O)NC[C@H]2CCN2C(=O)CCc2ccc(Br)c(F)c2)co1,0.375,0.4675,0.60742146,0.55883855,0.83154666,0.873672,0.6189964461326599,0.6157014133406022,4.0,0.5924304907788006,0,1,1,0,1,1,4,1,1,1,Level_2_Medium_Confidence
ZINCrE00000jsipG,C[C@H]1C[C@@H](C)N(C(=O)c2cnc(Cl)s2)CCN1C(=O)c1cc(O)ccc1F,0.215,0.71375,0.42583102,0.93985194,0.5220938,0.92738605,0.6239854629834493,0.615512366480861,4.0,0.5566066593169937,0,0,1,1,1,1,4,1,1,1,Level_2_Medium_Confidence
ZINCty000009kGuk,CSc1nc(Cl)c(C)c(N2CCCO[C@H](CNC(=O)C3([C@H]4CCCO4)CC3)C2)n1,0.255,0.64,0.7163087,0.9859781,0.64008063,0.47231466,0.6182803543408711,0.6142824397949461,4.0,0.5715123627157647,0,1,1,1,1,0,4,1,1,1,Level_2_Medium_Confidence
ZINCte00000YqPlm,O=C(CCCN1C(=O)CCC1=O)NCC[C@@]1(O)CCN(C(=O)c2csnc2Cl)C1,0.385,0.6329166666666667,0.7432156,0.8347698,0.1579893,0.9690553,0.6204911101526684,0.6141074362855149,4.0,0.5338396632508575,0,1,0,1,1,1,4,1,1,1,Level_2_Medium_Confidence
ZINCqx0000007Gw5,Cc1cc(C)c(S(=O)(=O)N2CCC[C@H](N3CC(C)(C)C3)C2)cc1[N+](=O)[O-],0.255,0.52,0.59632087,0.57666606,0.7691918,0.9999998,0.6195297578970591,0.6136825555436154,5.0,0.5721331099905278,0,1,1,1,1,1,5,1,1,1,Level_2_Medium_Confidence
ZINCrL00000rQeYJ,Cc1cc(Br)nc(Cl)c1NC(=O)[C@H]1CC12CN(Cc1ccc(O)c(F)c1)C2,0.3,0.57,0.402246,0.78250945,0.6725197,0.99464387,0.6203198325634003,0.6135665817717287,4.0,0.5746344692986772,0,0,1,1,1,1,4,1,1,1,Level_2_Medium_Confidence
ZINCsJ00000kXg0m,CN(C[C@@H]1CCCN(c2nc(Cl)c3c(ccn3C)n2)C1)C(=O)c1occc1Br,0.415,0.46,0.5929447,0.76833564,0.5596303,0.9104566,0.6177278657754263,0.6133733959400907,4.0,0.5948698011302537,0,1,1,0,1,1,4,1,1,1,Level_2_Medium_Confidence
ZINCqv00000O5iLd,C[C@@H](NS(=O)(=O)c1ccc(N[C@@H]2CCC(=O)NC2)cc1Cl)c1cscn1,0.4,0.64625,0.9661863,0.8450644,0.023471707,0.82302547,0.617332976522545,0.6122175955925638,4.0,0.3996945225423125,0,1,0,1,1,1,4,1,1,1,Level_2_Medium_Confidence
ZINCtx00000y3zq1,Cc1ncc(C(=O)N2CCc3nn(C)c(C(=O)Nc4cnc(Br)c(Cl)c4)c3C2)[nH]1,0.275,0.505,0.541042,0.736305,0.6730192,0.97320193,0.6172613449891409,0.6110355253084331,5.0,0.5752507526728882,0,1,1,1,1,1,5,1,1,1,Level_2_Medium_Confidence
ZINCtx00000ghN5s,COc1nscc1C(=O)N1CCN(C(=O)c2ccc(C#N)cc2C)CC2(CC2)C1,0.38,0.605,0.78975934,0.9267213,0.036640134,0.9671491,0.6175449708849191,0.6107619250824687,4.0,0.42583258519549994,0,1,0,1,1,1,4,1,1,1,Level_2_Medium_Confidence
ZINCsx00000gmFyR,CS(=O)(=O)c1ccc(Cl)c(C(=O)N[C@@]23CCCC[C@H]2N(C(=O)CCF)CC3)c1,0.29,0.6528571428571428,0.2448046,0.9608804,0.6740265,0.883338,0.6176511018758729,0.6103780429057678,4.0,0.5460739890102443,0,0,1,1,1,1,4,1,1,1,Level_2_Medium_Confidence
ZINCrB00000c8p7S,Cc1cnc(Br)cc1NC(=O)[C@@]1(F)CCN(c2nc(Cl)c3c(n2)COC3)C1,0.26,0.435,0.5760136,0.72566664,0.7355877,0.9628486,0.6158527644475301,0.6099997049020537,4.0,0.5677243202162638,0,1,1,0,1,1,4,1,1,1,Level_2_Medium_Confidence
ZINCqd00001AUBsH,CN(C)[C@H](CO)C(=O)N(CCC1SCCS1)Cc1ncc([N+](=O)[O-])n1C,0.285,0.365,0.57226527,0.6324422,0.82687277,0.99999166,0.6135953108469645,0.6084788003373652,4.0,0.5608738174117918,0,1,1,0,1,1,4,1,1,1,Level_2_Medium_Confidence
ZINCrQ00000rQeYb,Cc1cc(Br)nc(Cl)c1NC(=O)[C@@]1(F)CCN(Cc2cnc(C3CC3)s2)C1,0.27,0.54,0.60718083,0.8721709,0.5145941,0.8837334,0.614613204797109,0.6081991925814473,5.0,0.5722386735784195,0,1,1,1,1,1,5,1,1,1,Level_2_Medium_Confidence
ZINCsA000005D7Nr,C[C@H](NC(=O)[C@H]1C[C@@H]2C[C@@H]2N1C(=O)[C@@H](O)c1ccco1)c1ccc(F)c(Br)c1,0.295,0.5366666666666666,0.13425599,0.950101,0.84758127,0.9263936,0.6149997617469893,0.6080365059406762,4.0,0.5012270495495955,0,0,1,1,1,1,4,1,1,1,Level_2_Medium_Confidence
ZINCtt00000tnuAN,Cc1c([N+](=O)[O-])ccc(F)c1C(=O)N1C[C@@H](O)C[C@H]1C(=O)Nc1ccc(Cl)cn1,0.27,0.54,0.29471323,0.63610286,0.9404094,0.99998677,0.6135353789726893,0.6073349569368024,4.0,0.5432494401461389,0,0,1,1,1,1,4,1,1,1,Level_2_Medium_Confidence
ZINCpF00000qYqtT,COc1nc(C)c(S(=O)(=O)N[C@H](C)c2nc3c(s2)CCCC3)cc1Br,0.255,0.61,0.533998,0.96437865,0.34049487,0.99013007,0.6156669342517853,0.6073251123462162,4.0,0.547742800750074,0,1,0,1,1,1,4,1,1,1,Level_2_Medium_Confidence
ZINCtR00000wYwku,Cc1nc(NC(=O)[C@@H]2[C@@H]3[C@H](CN2Cc2ccc(Cl)c([N+](=O)[O-])c2)C3(C)C)sc1Cl,0.2725,0.51,0.31934124,0.7888415,0.7913011,0.9999984,0.6136636984348297,0.6068338433394195,4.0,0.5500731098376914,0,0,1,1,1,1,4,1,1,1,Level_2_Medium_Confidence
ZINCrk000007uuh5,CC1=C(C(=O)N2C[C@H]3CC[C@H]2CN3c2ncc(Br)c(C)n2)S(=O)(=O)CCO1,0.245,0.685,0.31510758,0.82534367,0.61925125,0.9988364,0.614756483634313,0.6065797503873812,4.0,0.5477115904608351,0,0,1,1,1,1,4,1,1,1,Level_2_Medium_Confidence
ZINCtx00000ghMkD,COc1nscc1C(=O)N1CCC[C@@H]2CN(C(=O)c3nc(C)ccc3F)CC[C@H]21,0.35,0.6166666666666667,0.6840843,0.88099223,0.15739168,0.99270993,0.6136408022708363,0.6065048327823621,4.0,0.5223970639654132,0,1,0,1,1,1,4,1,1,1,Level_2_Medium_Confidence
ZINCtD000004jKiO,CC(=O)c1cnc(N2CC[C@]3(CCN(C(=O)c4ccc([N+](=O)[O-])s4)C3)C2)c(C)c1,0.25,0.515,0.3394549,0.7304018,0.83707696,0.9999809,0.6119857652982076,0.6052229996353176,4.0,0.5467742361085842,0,0,1,1,1,1,4,1,1,1,Level_2_Medium_Confidence
ZINCtb00001yFGea,C[C@@H]1C[C@H](NC(=O)c2cc(S(N)(=O)=O)oc2Cl)CN(C(=O)c2ccc(O)nc2)C1,0.35,0.5831666666666666,0.757433,0.9623694,0.01852238,0.999868,0.6118932336510884,0.6044205617552036,4.0,0.3744245934986896,0,1,0,1,1,1,4,1,1,1,Level_2_Medium_Confidence
ZINCtt00000EHgI1,O=C(Cc1ccnc(O)c1)N(Cc1ccnn1CC1CC1)C[C@H]1CC(F)(F)CO1,0.35,0.65,0.6354517,0.92577547,0.11994195,0.98523086,0.6110666592915853,0.6035540981389952,4.0,0.5010100662476772,0,1,0,1,1,1,4,1,1,1,Level_2_Medium_Confidence
ZINCtB00000qkWer,COC[C@H]1CCCCN1C(=O)c1cc(-c2ccc3c(c2)OCCO3)cnc1OC,0.25,0.605,0.5511628,0.71211934,0.8078657,0.7233202,0.6082446642716726,0.6035132973075757,5.0,0.5710835251146683,0,1,1,1,1,1,5,1,1,1,Level_2_Medium_Confidence
ZINCtx00000y3zq2,Cc1nc(CC(=O)N2CCC[C@@]2(C)C(=O)NCc2cc(F)ccc2[N+](=O)[O-])cs1,0.32,0.45,0.5729533,0.5321889,0.7728992,0.9999731,0.6080024174849192,0.603217986078127,4.0,0.5689967467215747,0,1,1,0,1,1,4,1,1,1,Level_2_Medium_Confidence
ZINCsi00000j59Ja,C[C@@H]1CCN(C(=O)c2ccc(S(N)(=O)=O)o2)[C@H]1CNC(=O)c1cncc(Cl)c1,0.35,0.6745238095238095,0.54587996,0.63462627,0.45424718,0.99543524,0.609118742242692,0.6029132168931519,4.0,0.5772061662225277,0,1,0,1,1,1,4,1,1,1,Level_2_Medium_Confidence
ZINCqu000004xDnx,COC(=O)c1cc(Cl)cc(S(=O)(=O)N2CCC3(CC2)OC[C@H]2C[C@@H]23)c1F,0.2775,0.745,0.6308973,0.97796077,0.073253565,0.9652287,0.6116400483747323,0.6028852951167323,4.0,0.45623968075045634,0,1,0,1,1,1,4,1,1,1,Level_2_Medium_Confidence
ZINCsz00000wEgvd,CC(C)(C)NC(=O)[C@H](c1sc([N+](=O)[O-])cc1Br)N1C[C@H]2NC(=O)CCC[C@@H]2C1,0.27,0.57,0.60491675,0.42246678,0.78135,0.9999932,0.6081211262941361,0.602839843711109,4.0,0.5596651259709966,0,1,1,1,0,1,4,1,1,1,Level_2_Medium_Confidence
ZINCsc000012HwD1,Cc1cc(N)n2ncc(C(=O)NC3CN(C(=O)c4c[nH]cc(Cl)c4=O)C3)c2n1,0.32,0.5625,0.8624063,0.91772974,0.0028710656,0.99463344,0.6100234251050279,0.6026586791143772,4.0,0.27220801078026896,0,1,0,1,1,1,4,1,1,1,Level_2_Medium_Confidence
ZINCqk00001zawev,Cc1nc(Cl)ccc1S(=O)(=O)N1CC[C@H](C(=O)N2CCC[C@](C)(O)C2)C1,0.325,0.7129166666666668,0.21769232,0.97535795,0.55004996,0.8734735,0.6090817362732358,0.6017187919825244,4.0,0.5357105385860759,0,0,1,1,1,1,4,1,1,1,Level_2_Medium_Confidence
ZINCtO00000AyJrC,CC[C@@](C)(CN1C(=O)CCN(CCc2csc(-c3ccccc3Cl)n2)C1=O)OC,0.325,0.615,0.88480043,0.9206867,0.27165186,0.6157179,0.6054761513074239,0.6011715490429114,4.0,0.5485105990355872,0,1,0,1,1,1,4,1,1,1,Level_2_Medium_Confidence
ZINCqn00001RXx6A,O=C(NC1CC1)[C@@H](c1cc2cccnc2s1)N1CC[C@H]2CS(=O)(=O)C[C@H]21,0.22,0.515,0.66262037,0.54425836,0.76470065,0.92867786,0.6058762049674987,0.6004047357951495,5.0,0.5543397959349949,0,1,1,1,1,1,5,1,1,1,Level_2_Medium_Confidence
